{"assets/19834-bg.png":["assets/19834-bg.png"],"assets/19834.jpg":["assets/19834.jpg"],"assets/19835.jpg":["assets/19835.jpg"],"assets/414-bg.png":["assets/414-bg.png"],"assets/414.jpg":["assets/414.jpg"],"assets/Medic.ly_poster1.png":["assets/Medic.ly_poster1.png"],"assets/appointment.jpg":["assets/appointment.jpg"],"assets/covid-bg.png":["assets/covid-bg.png"],"assets/covid.jpg":["assets/covid.jpg"],"assets/disease.png":["assets/disease.png"],"assets/doc.png":["assets/doc.png"],"assets/doctor-consulting-with-patient-vector.webp":["assets/doctor-consulting-with-patient-vector.webp"],"assets/error-404.jpg":["assets/error-404.jpg"],"assets/image-medical-2.jpg":["assets/image-medical-2.jpg"],"assets/image-medical-3.jpg":["assets/image-medical-3.jpg"],"assets/image-medical.jpg":["assets/image-medical.jpg"],"assets/medical-red.png":["assets/medical-red.png"],"assets/person.jpg":["assets/person.jpg"],"assets/personas-vector-set.jpg":["assets/personas-vector-set.jpg"],"assets/poster2.png":["assets/poster2.png"],"assets/search-bg.png":["assets/search-bg.png"],"assets/search.jpg":["assets/search.jpg"],"assets/vector-doc.jpg":["assets/vector-doc.jpg"],"assets/vector-doc2.jpg":["assets/vector-doc2.jpg"],"assets/virus.jpg":["assets/virus.jpg"],"packages/cupertino_icons/assets/CupertinoIcons.ttf":["packages/cupertino_icons/assets/CupertinoIcons.ttf"],"packages/fluttericon/lib/fonts/Brandico.ttf":["packages/fluttericon/lib/fonts/Brandico.ttf"],"packages/fluttericon/lib/fonts/Elusive.ttf":["packages/fluttericon/lib/fonts/Elusive.ttf"],"packages/fluttericon/lib/fonts/Entypo.ttf":["packages/fluttericon/lib/fonts/Entypo.ttf"],"packages/fluttericon/lib/fonts/FontAwesome.ttf":["packages/fluttericon/lib/fonts/FontAwesome.ttf"],"packages/fluttericon/lib/fonts/FontAwesome5.ttf":["packages/fluttericon/lib/fonts/FontAwesome5.ttf"],"packages/fluttericon/lib/fonts/Fontelico.ttf":["packages/fluttericon/lib/fonts/Fontelico.ttf"],"packages/fluttericon/lib/fonts/Iconic.ttf":["packages/fluttericon/lib/fonts/Iconic.ttf"],"packages/fluttericon/lib/fonts/LineariconsFree.ttf":["packages/fluttericon/lib/fonts/LineariconsFree.ttf"],"packages/fluttericon/lib/fonts/Linecons.ttf":["packages/fluttericon/lib/fonts/Linecons.ttf"],"packages/fluttericon/lib/fonts/Maki.ttf":["packages/fluttericon/lib/fonts/Maki.ttf"],"packages/fluttericon/lib/fonts/Meteocons.ttf":["packages/fluttericon/lib/fonts/Meteocons.ttf"],"packages/fluttericon/lib/fonts/MfgLabs.ttf":["packages/fluttericon/lib/fonts/MfgLabs.ttf"],"packages/fluttericon/lib/fonts/ModernPictograms.ttf":["packages/fluttericon/lib/fonts/ModernPictograms.ttf"],"packages/fluttericon/lib/fonts/Octicons.ttf":["packages/fluttericon/lib/fonts/Octicons.ttf"],"packages/fluttericon/lib/fonts/RpgAwesome.ttf":["packages/fluttericon/lib/fonts/RpgAwesome.ttf"],"packages/fluttericon/lib/fonts/Typicons.ttf":["packages/fluttericon/lib/fonts/Typicons.ttf"],"packages/fluttericon/lib/fonts/WebSymbols.ttf":["packages/fluttericon/lib/fonts/WebSymbols.ttf"],"packages/fluttericon/lib/fonts/Zocial.ttf":["packages/fluttericon/lib/fonts/Zocial.ttf"],"packages/tabler_icons/lib/src/fonts/TablerIcons.ttf":["packages/tabler_icons/lib/src/fonts/TablerIcons.ttf"],"packages/typicons_flutter/fonts/typicons.ttf":["packages/typicons_flutter/fonts/typicons.ttf"]}